file,n,ok_MSL,ok_ANNMAX,overall_ok,notes
adak_alaska-040-usa-uhslc_fd_annual.csv,65,True,False,False,"MSL:gappy_years,no_level_shift_detected | ANNMAX:gappy_years,no_level_shift_detected,outlier_level_n=2,outlier_spike_n=2"
adak_alaska-040a-usa-uhslc_rq_annual.csv,61,True,False,False,"MSL:gappy_years,no_level_shift_detected | ANNMAX:gappy_years,no_level_shift_detected,outlier_level_n=2,outlier_spike_n=2"
adak_island-9461380-usa-noaa_annual.csv,65,True,False,False,"MSL:gappy_years,no_level_shift_detected | ANNMAX:gappy_years,no_level_shift_detected,outlier_level_n=3,outlier_spike_n=4"
annapolis-8575512-usa-noaa_annual.csv,88,True,False,False,"MSL:gappy_years,no_level_shift_detected | ANNMAX:gappy_years,no_level_shift_detected,outlier_level_n=2"
antofagasta-080-chl-uhslc_fd_annual.csv,69,True,False,False,"MSL:gappy_years,no_level_shift_detected | ANNMAX:gappy_years,no_level_shift_detected,outlier_level_n=1,outlier_spike_n=2"
antofagasta-080a-chl-uhslc_rq_annual.csv,63,True,False,False,"MSL:gappy_years,no_level_shift_detected | ANNMAX:gappy_years,no_level_shift_detected,outlier_level_n=1,outlier_spike_n=2"
aomoriko-0104-jpn-jodc_pahb_annual.csv,53,False,True,False,"MSL:gappy_years,level_shift_years=1979 | ANNMAX:gappy_years,no_level_shift_detected"
apra_harbor_guam-053a-usa-uhslc_rq_annual.csv,61,True,False,False,"MSL:gappy_years,no_level_shift_detected | ANNMAX:gappy_years,no_level_shift_detected,outlier_level_n=2,outlier_spike_n=3"
asamushi-gs06-jpn-jodc_giaj_annual.csv,66,True,False,False,"MSL:gappy_years,no_level_shift_detected | ANNMAX:gappy_years,no_level_shift_detected,outlier_level_n=1"
atlantic_city-8534720-usa-noaa_annual.csv,103,True,False,False,"MSL:gappy_years,no_level_shift_detected | ANNMAX:gappy_years,no_level_shift_detected,outlier_level_n=1"
awashima-hd25-jpn-jodc_jcg_annual.csv,56,True,False,False,"MSL:gappy_years,no_level_shift_detected | ANNMAX:gappy_years,level_shift_years=1976"
balboa-302-pan-uhslc_fd_annual.csv,106,True,False,False,"MSL:gappy_years,no_level_shift_detected | ANNMAX:gappy_years,no_level_shift_detected,outlier_level_n=4,outlier_spike_n=7"
balboa-302a-pan-uhslc_rq_annual.csv,107,True,False,False,"MSL:gappy_years,no_level_shift_detected | ANNMAX:gappy_years,no_level_shift_detected,outlier_level_n=4,outlier_spike_n=7"
baltimore-8574680-usa-noaa_annual.csv,121,True,False,False,"MSL:gappy_years,no_level_shift_detected | ANNMAX:gappy_years,no_level_shift_detected,outlier_level_n=2,outlier_spike_n=3"
brest-822-fra-uhslc_fd_annual.csv,162,True,False,False,"MSL:gappy_years,no_level_shift_detected | ANNMAX:gappy_years,no_level_shift_detected,outlier_level_n=1,outlier_spike_n=2"
brest-822a-fra-uhslc_rq_annual.csv,156,True,False,False,"MSL:gappy_years,no_level_shift_detected | ANNMAX:gappy_years,no_level_shift_detected,outlier_level_n=1,outlier_spike_n=2"
buenaventura-085a-col-uhslc_rq_annual.csv,49,True,False,False,"MSL:gappy_years,no_level_shift_detected | ANNMAX:gappy_years,level_shift_years=2004,outlier_level_n=5,outlier_spike_n=3"
bunbury-62190-aus-bom_annual.csv,54,True,False,False,"MSL:gappy_years,no_level_shift_detected | ANNMAX:gappy_years,no_level_shift_detected,outlier_level_n=1"
bundaberg_burnett_heads-59820-aus-bom_annual.csv,54,False,False,False,"MSL:gappy_years,level_shift_years=2010 | ANNMAX:gappy_years,no_level_shift_detected,outlier_level_n=5,outlier_spike_n=4"
cedar_key-8727520-usa-noaa_annual.csv,94,True,False,False,"MSL:gappy_years,no_level_shift_detected | ANNMAX:gappy_years,no_level_shift_detected,outlier_level_n=2"
charleston_sc-261-usa-uhslc_fd_annual.csv,101,True,False,False,"MSL:gappy_years,no_level_shift_detected | ANNMAX:gappy_years,no_level_shift_detected,outlier_level_n=2,outlier_spike_n=3"
charleston_sc-261b-usa-uhslc_rq_annual.csv,97,True,False,False,"MSL:gappy_years,no_level_shift_detected | ANNMAX:gappy_years,no_level_shift_detected,outlier_level_n=2,outlier_spike_n=3"
churchill-274-can-uhslc_fd_annual.csv,45,False,True,False,"MSL:gappy_years,level_shift_years=1978 | ANNMAX:gappy_years,no_level_shift_detected"
churchill-274a-can-uhslc_rq_annual.csv,44,False,True,False,"MSL:gappy_years,level_shift_years=1978 | ANNMAX:gappy_years,no_level_shift_detected"
cordova_alaska-583b-usa-uhslc_rq_annual.csv,48,False,True,False,"MSL:gappy_years,level_shift_years=1980 | ANNMAX:gappy_years,no_level_shift_detected"
coruna-coru-esp-ieo_annual.csv,68,True,False,False,"MSL:gappy_years,no_level_shift_detected | ANNMAX:gappy_years,no_level_shift_detected,outlier_level_n=1,outlier_spike_n=2"
crescent_city-9419750-usa-noaa_annual.csv,83,True,False,False,"MSL:gappy_years,no_level_shift_detected | ANNMAX:gappy_years,no_level_shift_detected,outlier_level_n=1,outlier_spike_n=2"
crescent_city_ca-556-usa-uhslc_fd_annual.csv,81,True,False,False,"MSL:gappy_years,no_level_shift_detected | ANNMAX:gappy_years,no_level_shift_detected,outlier_level_n=1,outlier_spike_n=2"
crescent_city_ca-556a-usa-uhslc_rq_annual.csv,77,True,False,False,"MSL:gappy_years,no_level_shift_detected | ANNMAX:gappy_years,no_level_shift_detected,outlier_level_n=1,outlier_spike_n=2"
cristobal-266a-pan-uhslc_rq_annual.csv,98,True,False,False,"MSL:gappy_years,no_level_shift_detected | ANNMAX:gappy_years,no_level_shift_detected,outlier_level_n=1"
darwin-63230-aus-bom_annual.csv,57,True,False,False,"MSL:gappy_years,no_level_shift_detected | ANNMAX:gappy_years,no_level_shift_detected,outlier_level_n=3,outlier_spike_n=2"
eastport-8410140-usa-noaa_annual.csv,81,True,False,False,"MSL:gappy_years,no_level_shift_detected | ANNMAX:gappy_years,no_level_shift_detected,outlier_level_n=1,outlier_spike_n=3"
fernandina_beach-8720030-usa-noaa_annual.csv,107,True,False,False,"MSL:gappy_years,no_level_shift_detected | ANNMAX:gappy_years,no_level_shift_detected,outlier_level_n=2"
fort_myers-8725520-usa-noaa_annual.csv,48,True,False,False,"MSL:gappy_years,no_level_shift_detected | ANNMAX:gappy_years,no_level_shift_detected,outlier_level_n=1"
fort_pulaski-8670870-usa-noaa_annual.csv,83,True,False,False,"MSL:gappy_years,no_level_shift_detected | ANNMAX:gappy_years,no_level_shift_detected,outlier_level_n=1"
fort_pulaski_ga-752-usa-uhslc_fd_annual.csv,83,True,False,False,"MSL:gappy_years,no_level_shift_detected | ANNMAX:gappy_years,no_level_shift_detected,outlier_level_n=1"
fort_pulaski_ga-752a-usa-uhslc_rq_annual.csv,79,True,False,False,"MSL:gappy_years,no_level_shift_detected | ANNMAX:gappy_years,no_level_shift_detected,outlier_level_n=1"
freeport-8772440-usa-noaa_annual.csv,50,False,True,False,"MSL:gappy_years,level_shift_years=1972 | ANNMAX:gappy_years,no_level_shift_detected"
friday_harbor-9449880-usa-noaa_annual.csv,87,True,False,False,"MSL:gappy_years,no_level_shift_detected | ANNMAX:gappy_years,no_level_shift_detected,outlier_level_n=2,outlier_spike_n=3"
fukue-ma50-jpn-jodc_jma_annual.csv,55,True,False,False,"MSL:gappy_years,no_level_shift_detected | ANNMAX:gappy_years,no_level_shift_detected,outlier_level_n=1"
galveston_pier_21-775-usa-uhslc_fd_annual.csv,109,True,False,False,"MSL:gappy_years,no_level_shift_detected | ANNMAX:gappy_years,no_level_shift_detected,outlier_level_n=3,outlier_spike_n=4"
galveston_pier_21-775a-usa-uhslc_rq_annual.csv,105,True,False,False,"MSL:gappy_years,no_level_shift_detected | ANNMAX:gappy_years,no_level_shift_detected,outlier_level_n=3,outlier_spike_n=4"
galveston_pier_21-8771450-usa-noaa_annual.csv,114,True,False,False,"MSL:gappy_years,no_level_shift_detected | ANNMAX:gappy_years,no_level_shift_detected,outlier_level_n=3,outlier_spike_n=4"
galveston_ppier-767-usa-uhslc_fd_annual.csv,50,True,False,False,"MSL:gappy_years,no_level_shift_detected | ANNMAX:gappy_years,no_level_shift_detected,outlier_level_n=3,outlier_spike_n=3"
galveston_ppier-767a-usa-uhslc_rq_annual.csv,50,True,False,False,"MSL:gappy_years,no_level_shift_detected | ANNMAX:gappy_years,no_level_shift_detected,outlier_level_n=3,outlier_spike_n=3"
guam-053-usa-uhslc_fd_annual.csv,65,True,False,False,"MSL:gappy_years,no_level_shift_detected | ANNMAX:gappy_years,no_level_shift_detected,outlier_level_n=2,outlier_spike_n=1"
hakata-hd18-jpn-jodc_jcg_annual.csv,57,True,False,False,"MSL:gappy_years,no_level_shift_detected | ANNMAX:gappy_years,no_level_shift_detected,outlier_level_n=1,outlier_spike_n=2"
hakodate-364-jpn-uhslc_fd_annual.csv,60,False,True,False,"MSL:gappy_years,level_shift_years=2015 | ANNMAX:gappy_years,no_level_shift_detected"
hakodate-ma06-jpn-jodc_jma_annual.csv,58,False,True,False,"MSL:gappy_years,level_shift_years=2015 | ANNMAX:gappy_years,no_level_shift_detected"
hilo_hawaii-060-usa-uhslc_fd_annual.csv,82,True,False,False,"MSL:gappy_years,no_level_shift_detected | ANNMAX:gappy_years,no_level_shift_detected,outlier_level_n=4,outlier_spike_n=7"
hiroshima-hd14-jpn-jodc_jcg_aligned_annual.csv,68,False,True,False,"MSL:gappy_years,level_shift_years=1960,outlier_level_n=3,outlier_spike_n=2 | ANNMAX:gappy_years,no_level_shift_detected"
honningsvaagtg-hon-nor-cmems_annual.csv,50,True,False,False,"MSL:gappy_years,no_level_shift_detected | ANNMAX:gappy_years,no_level_shift_detected,outlier_level_n=1"
honolulu-1612340-usa-noaa_annual.csv,107,True,False,False,"MSL:gappy_years,no_level_shift_detected | ANNMAX:gappy_years,no_level_shift_detected,outlier_level_n=8,outlier_spike_n=9"
honolulu_hawaii-057-usa-uhslc_fd_annual.csv,115,True,False,False,"MSL:gappy_years,no_level_shift_detected | ANNMAX:gappy_years,no_level_shift_detected,outlier_level_n=6,outlier_spike_n=9"
honolulu_hawaii-057b-usa-uhslc_rq_annual.csv,111,True,False,False,"MSL:gappy_years,no_level_shift_detected | ANNMAX:gappy_years,no_level_shift_detected,outlier_level_n=6,outlier_spike_n=8"
izuhara-hd23-jpn-jodc_jcg_aligned_annual.csv,67,False,False,False,"MSL:gappy_years,level_shift_years=1962,outlier_level_n=1,outlier_spike_n=2 | ANNMAX:gappy_years,no_level_shift_detected,outlier_level_n=2,outlier_spike_n=1"
kahului-059-usa-uhslc_fd_annual.csv,67,True,False,False,"MSL:gappy_years,no_level_shift_detected | ANNMAX:gappy_years,no_level_shift_detected,outlier_level_n=4,outlier_spike_n=4"
kahului-059a-usa-uhslc_rq_annual.csv,63,True,False,False,"MSL:gappy_years,no_level_shift_detected | ANNMAX:gappy_years,no_level_shift_detected,outlier_level_n=5,outlier_spike_n=5"
kahului-1615680-usa-noaa_annual.csv,63,True,False,False,"MSL:gappy_years,no_level_shift_detected | ANNMAX:gappy_years,no_level_shift_detected,outlier_level_n=4,outlier_spike_n=3"
key_west-8724580-usa-noaa_annual.csv,109,True,False,False,"MSL:gappy_years,no_level_shift_detected | ANNMAX:gappy_years,no_level_shift_detected,outlier_level_n=4,outlier_spike_n=6"
key_west_fl-242-usa-uhslc_fd_annual.csv,109,True,False,False,"MSL:gappy_years,no_level_shift_detected | ANNMAX:gappy_years,no_level_shift_detected,outlier_level_n=4,outlier_spike_n=6"
key_west_fl-242a-usa-uhslc_rq_annual.csv,105,True,False,False,"MSL:gappy_years,no_level_shift_detected | ANNMAX:gappy_years,no_level_shift_detected,outlier_level_n=4,outlier_spike_n=5"
kuchinotsu-ma48-jpn-jodc_jma_annual.csv,51,True,False,False,"MSL:gappy_years,no_level_shift_detected | ANNMAX:gappy_years,level_shift_years=1976"
kure-hd13-jpn-jodc_jcg_annual.csv,58,True,False,False,"MSL:gappy_years,no_level_shift_detected | ANNMAX:gappy_years,no_level_shift_detected,outlier_level_n=1,outlier_spike_n=1"
la_coruna-830-esp-uhslc_fd_annual.csv,74,True,False,False,"MSL:gappy_years,no_level_shift_detected | ANNMAX:gappy_years,no_level_shift_detected,outlier_level_n=1,outlier_spike_n=2"
la_jolla-9410230-usa-noaa_annual.csv,92,True,False,False,"MSL:gappy_years,no_level_shift_detected | ANNMAX:gappy_years,no_level_shift_detected,outlier_level_n=1"
la_jolla_ca-554-usa-uhslc_fd_annual.csv,92,True,False,False,"MSL:gappy_years,no_level_shift_detected | ANNMAX:gappy_years,no_level_shift_detected,outlier_level_n=1"
la_jolla_ca-554a-usa-uhslc_rq_annual.csv,86,True,False,False,"MSL:gappy_years,no_level_shift_detected | ANNMAX:gappy_years,no_level_shift_detected,outlier_level_n=1"
la_libertad-091-ecu-uhslc_fd_annual.csv,69,True,False,False,"MSL:gappy_years,no_level_shift_detected | ANNMAX:gappy_years,no_level_shift_detected,outlier_level_n=1"
la_libertad-091a-ecu-uhslc_rq_annual.csv,63,True,False,False,"MSL:gappy_years,no_level_shift_detected | ANNMAX:gappy_years,no_level_shift_detected,outlier_level_n=1"
le_conquet-152-fra-refmar_annual.csv,49,True,False,False,"MSL:gappy_years,no_level_shift_detected | ANNMAX:gappy_years,no_level_shift_detected,outlier_level_n=2"
leconquettg_60minute-lec-fra-cmems_annual.csv,49,True,False,False,"MSL:gappy_years,no_level_shift_detected | ANNMAX:gappy_years,no_level_shift_detected,outlier_level_n=2"
los_angeles-9410660-usa-noaa_annual.csv,100,True,False,False,"MSL:gappy_years,no_level_shift_detected | ANNMAX:gappy_years,no_level_shift_detected,outlier_level_n=1"
los_angeles_ca-567a-usa-uhslc_rq_annual.csv,96,True,False,False,"MSL:gappy_years,no_level_shift_detected | ANNMAX:gappy_years,no_level_shift_detected,outlier_level_n=1"
magueyes_island-9759110-usa-noaa_annual.csv,59,True,False,False,"MSL:gappy_years,no_level_shift_detected | ANNMAX:gappy_years,no_level_shift_detected,outlier_level_n=2,outlier_spike_n=4"
magueyes_island_pr-246a-usa-uhslc_rq_annual.csv,56,True,False,False,"MSL:gappy_years,no_level_shift_detected | ANNMAX:gappy_years,no_level_shift_detected,outlier_level_n=2,outlier_spike_n=2"
mayport_ferry_depot-8720220-usa-noaa_annual.csv,72,True,False,False,"MSL:no_level_shift_detected | ANNMAX:no_level_shift_detected,outlier_level_n=1"
mayport_fl-753a-usa-uhslc_rq_annual.csv,72,True,False,False,"MSL:no_level_shift_detected | ANNMAX:no_level_shift_detected,outlier_level_n=2"
murotomisaki-ma37-jpn-jodc_jma_annual.csv,51,True,False,False,"MSL:gappy_years,no_level_shift_detected | ANNMAX:gappy_years,no_level_shift_detected,outlier_level_n=1"
nagasaki-362a-jpn-uhslc_rq_annual.csv,62,True,False,False,"MSL:no_level_shift_detected | ANNMAX:no_level_shift_detected,outlier_level_n=1"
nagasaki-ma49-jpn-jodc_jma_annual.csv,55,True,False,False,"MSL:no_level_shift_detected | ANNMAX:no_level_shift_detected,outlier_level_n=1"
naples_fl-757a-usa-uhslc_rq_annual.csv,54,False,True,False,"MSL:gappy_years,level_shift_years=2015 | ANNMAX:gappy_years,no_level_shift_detected"
narvik-nvk-nor-nhs_annual.csv,78,True,False,False,"MSL:gappy_years,no_level_shift_detected | ANNMAX:gappy_years,no_level_shift_detected,outlier_level_n=1"
narviktg-nar-nor-cmems_annual.csv,78,True,False,False,"MSL:gappy_years,no_level_shift_detected | ANNMAX:gappy_years,no_level_shift_detected,outlier_level_n=1"
nawiliwili-058-usa-uhslc_fd_annual.csv,70,True,False,False,"MSL:no_level_shift_detected | ANNMAX:no_level_shift_detected,outlier_level_n=3,outlier_spike_n=4"
nawiliwili-058a-usa-uhslc_rq_annual.csv,66,True,False,False,"MSL:no_level_shift_detected | ANNMAX:no_level_shift_detected,outlier_level_n=3,outlier_spike_n=4"
nawiliwili-1611400-usa-noaa_annual.csv,70,True,False,False,"MSL:no_level_shift_detected | ANNMAX:no_level_shift_detected,outlier_level_n=3,outlier_spike_n=4"
neah_bay-9443090-usa-noaa_annual.csv,88,True,False,False,"MSL:gappy_years,no_level_shift_detected | ANNMAX:gappy_years,no_level_shift_detected,outlier_level_n=1,outlier_spike_n=2"
neah_bay_wa-558-usa-uhslc_fd_annual.csv,88,True,False,False,"MSL:gappy_years,no_level_shift_detected | ANNMAX:gappy_years,no_level_shift_detected,outlier_level_n=1"
neah_bay_wa-558a-usa-uhslc_rq_annual.csv,84,True,False,False,"MSL:gappy_years,no_level_shift_detected | ANNMAX:gappy_years,no_level_shift_detected,outlier_level_n=1"
new_york_ny-745a-usa-uhslc_rq_annual.csv,78,True,False,False,"MSL:gappy_years,no_level_shift_detected | ANNMAX:gappy_years,no_level_shift_detected,outlier_level_n=2"
newport-8452660-usa-noaa_annual.csv,83,True,False,False,"MSL:gappy_years,no_level_shift_detected | ANNMAX:gappy_years,no_level_shift_detected,outlier_level_n=1,outlier_spike_n=2"
noumea-019-fra-uhslc_fd_annual.csv,57,True,False,False,"MSL:gappy_years,no_level_shift_detected | ANNMAX:gappy_years,no_level_shift_detected,outlier_level_n=1"
ominato-hd04-jpn-jodc_jcg_aligned_annual.csv,53,False,False,False,"MSL:gappy_years,no_level_shift_detected,outlier_level_n=1,outlier_spike_n=1 | ANNMAX:gappy_years,no_level_shift_detected,outlier_level_n=1,outlier_spike_n=1"
oshoro-gs04-jpn-jodc_giaj_annual.csv,87,True,False,False,"MSL:gappy_years,no_level_shift_detected | ANNMAX:gappy_years,no_level_shift_detected,outlier_level_n=1"
oura-ma47-jpn-jodc_jma_annual.csv,54,True,False,False,"MSL:gappy_years,no_level_shift_detected | ANNMAX:gappy_years,no_level_shift_detected,outlier_level_n=4"
pago_pago-056-asm-uhslc_fd_annual.csv,70,False,False,False,"MSL:gappy_years,level_shift_years=2011 | ANNMAX:gappy_years,no_level_shift_detected,outlier_level_n=6"
pago_pago-056a-asm-uhslc_rq_annual.csv,67,False,False,False,"MSL:gappy_years,level_shift_years=2013 | ANNMAX:gappy_years,no_level_shift_detected,outlier_level_n=6"
pensacola-8729840-usa-noaa_annual.csv,97,True,False,False,"MSL:gappy_years,no_level_shift_detected | ANNMAX:gappy_years,no_level_shift_detected,outlier_level_n=5,outlier_spike_n=2"
pensacola_fl-762-usa-uhslc_fd_annual.csv,96,True,False,False,"MSL:gappy_years,no_level_shift_detected | ANNMAX:gappy_years,no_level_shift_detected,outlier_level_n=5,outlier_spike_n=3"
pensacola_fl-762a-usa-uhslc_rq_annual.csv,92,True,False,False,"MSL:gappy_years,no_level_shift_detected | ANNMAX:gappy_years,no_level_shift_detected,outlier_level_n=5,outlier_spike_n=4"
port_isabel-8779770-usa-noaa_annual.csv,76,True,False,False,"MSL:gappy_years,no_level_shift_detected | ANNMAX:gappy_years,no_level_shift_detected,outlier_level_n=3"
port_isabel_tx-772a-usa-uhslc_rq_annual.csv,70,True,False,False,"MSL:gappy_years,no_level_shift_detected | ANNMAX:gappy_years,no_level_shift_detected,outlier_level_n=3"
port_san_luis-9412110-usa-noaa_annual.csv,67,True,False,False,"MSL:gappy_years,no_level_shift_detected | ANNMAX:gappy_years,no_level_shift_detected,outlier_level_n=2,outlier_spike_n=2"
port_san_luis_ca-565a-usa-uhslc_rq_annual.csv,60,True,False,False,"MSL:gappy_years,no_level_shift_detected | ANNMAX:gappy_years,no_level_shift_detected,outlier_level_n=2,outlier_spike_n=2"
portland-8418150-usa-noaa_annual.csv,108,True,False,False,"MSL:gappy_years,no_level_shift_detected | ANNMAX:gappy_years,no_level_shift_detected,outlier_level_n=2"
providence-8454000-usa-noaa_annual.csv,73,True,False,False,"MSL:gappy_years,no_level_shift_detected | ANNMAX:gappy_years,no_level_shift_detected,outlier_level_n=3,outlier_spike_n=2"
queen_charlotte_city-9850-can-meds_annual.csv,58,True,False,False,"MSL:gappy_years,no_level_shift_detected | ANNMAX:gappy_years,no_level_shift_detected,outlier_level_n=1,outlier_spike_n=2"
san_diego-569-usa-uhslc_fd_annual.csv,115,True,False,False,"MSL:gappy_years,no_level_shift_detected | ANNMAX:gappy_years,no_level_shift_detected,outlier_level_n=1"
san_diego-9410170-usa-noaa_annual.csv,114,True,False,False,"MSL:gappy_years,no_level_shift_detected | ANNMAX:gappy_years,no_level_shift_detected,outlier_level_n=1"
san_diego_ca-569a-usa-uhslc_rq_annual.csv,111,True,False,False,"MSL:gappy_years,no_level_shift_detected | ANNMAX:gappy_years,no_level_shift_detected,outlier_level_n=1"
san_francisco_ca-551-usa-uhslc_fd_annual.csv,127,True,False,False,"MSL:gappy_years,no_level_shift_detected | ANNMAX:gappy_years,no_level_shift_detected,outlier_level_n=1"
santander-sant-esp-ieo_annual.csv,68,True,False,False,"MSL:gappy_years,no_level_shift_detected | ANNMAX:gappy_years,no_level_shift_detected,outlier_level_n=3,outlier_spike_n=1"
sasebo-hd19-jpn-jodc_jcg_annual.csv,72,True,False,False,"MSL:gappy_years,no_level_shift_detected | ANNMAX:gappy_years,no_level_shift_detected,outlier_level_n=1,outlier_spike_n=1"
sitka-9451600-usa-noaa_annual.csv,86,True,False,False,"MSL:gappy_years,no_level_shift_detected | ANNMAX:gappy_years,no_level_shift_detected,outlier_level_n=3,outlier_spike_n=1"
sitka_ak-559-usa-uhslc_fd_annual.csv,86,True,False,False,"MSL:gappy_years,no_level_shift_detected | ANNMAX:gappy_years,no_level_shift_detected,outlier_level_n=2,outlier_spike_n=2"
sitka_ak-559a-usa-uhslc_rq_annual.csv,82,True,False,False,"MSL:gappy_years,no_level_shift_detected | ANNMAX:gappy_years,no_level_shift_detected,outlier_level_n=2,outlier_spike_n=2"
south_beach-9435380-usa-noaa_annual.csv,57,True,False,False,"MSL:gappy_years,no_level_shift_detected | ANNMAX:gappy_years,no_level_shift_detected,outlier_level_n=1"
south_beach_or-592-usa-uhslc_fd_annual.csv,56,True,False,False,"MSL:gappy_years,no_level_shift_detected | ANNMAX:gappy_years,no_level_shift_detected,outlier_level_n=2,outlier_spike_n=1"
south_beach_or-592a-usa-uhslc_rq_annual.csv,53,True,False,False,"MSL:gappy_years,no_level_shift_detected | ANNMAX:gappy_years,no_level_shift_detected,outlier_level_n=1"
sydney_fort_denison-60370-aus-bom_annual.csv,106,True,False,False,"MSL:gappy_years,no_level_shift_detected | ANNMAX:gappy_years,no_level_shift_detected,outlier_level_n=1,outlier_spike_n=2"
tarifa-tari-esp-ieo_annual.csv,64,True,False,False,"MSL:gappy_years,no_level_shift_detected | ANNMAX:gappy_years,no_level_shift_detected,outlier_level_n=4,outlier_spike_n=1"
the_battery-8518750-usa-noaa_annual.csv,93,True,False,False,"MSL:gappy_years,no_level_shift_detected | ANNMAX:gappy_years,no_level_shift_detected,outlier_level_n=1"
townsville-59250-aus-bom_annual.csv,64,True,False,False,"MSL:no_level_shift_detected | ANNMAX:level_shift_years=1966,outlier_level_n=8,outlier_spike_n=4"
uchiura-ma18-jpn-jodc_jma_annual.csv,62,False,True,False,MSL:level_shift_years=2016 | ANNMAX:no_level_shift_detected
uragami-ma25-jpn-jodc_jma_annual.csv,52,False,True,False,"MSL:gappy_years,level_shift_years=2018 | ANNMAX:gappy_years,no_level_shift_detected"
valparaiso-081-chl-uhslc_fd_annual.csv,69,True,False,False,"MSL:gappy_years,no_level_shift_detected | ANNMAX:gappy_years,no_level_shift_detected,outlier_level_n=1,outlier_spike_n=1"
valparaiso-081a-chl-uhslc_rq_annual.csv,63,True,False,False,"MSL:gappy_years,no_level_shift_detected | ANNMAX:gappy_years,no_level_shift_detected,outlier_level_n=1,outlier_spike_n=1"
veracruz-250-mex-unam_hist_annual.csv,50,True,False,False,"MSL:gappy_years,no_level_shift_detected | ANNMAX:gappy_years,no_level_shift_detected,outlier_level_n=3,outlier_spike_n=5"
wakayama-ma28-jpn-jodc_jma_annual.csv,54,True,False,False,"MSL:no_level_shift_detected | ANNMAX:no_level_shift_detected,outlier_level_n=2"
wake-051-usa-uhslc_fd_annual.csv,68,True,False,False,"MSL:gappy_years,no_level_shift_detected | ANNMAX:gappy_years,no_level_shift_detected,outlier_level_n=3,outlier_spike_n=4"
wake-051a-usa-uhslc_rq_annual.csv,64,True,False,False,"MSL:gappy_years,no_level_shift_detected | ANNMAX:gappy_years,no_level_shift_detected,outlier_level_n=3,outlier_spike_n=4"
wake_island-1890000-usa-noaa_annual.csv,66,True,False,False,"MSL:gappy_years,no_level_shift_detected | ANNMAX:gappy_years,no_level_shift_detected,outlier_level_n=2,outlier_spike_n=4"
washington-8594900-usa-noaa_annual.csv,91,True,False,False,"MSL:gappy_years,no_level_shift_detected | ANNMAX:gappy_years,no_level_shift_detected,outlier_level_n=2"
wellington-071-nzl-uhslc_fd_annual.csv,77,True,False,False,"MSL:gappy_years,no_level_shift_detected | ANNMAX:gappy_years,no_level_shift_detected,outlier_level_n=1"
wellington-071a-nzl-uhslc_rq_annual.csv,72,True,False,False,"MSL:gappy_years,no_level_shift_detected | ANNMAX:gappy_years,no_level_shift_detected,outlier_level_n=1"
wilmington-8658120-usa-noaa_annual.csv,86,True,False,False,"MSL:gappy_years,no_level_shift_detected | ANNMAX:gappy_years,no_level_shift_detected,outlier_level_n=1"
wilmington_nc-750a-usa-uhslc_rq_annual.csv,82,True,False,False,"MSL:gappy_years,no_level_shift_detected | ANNMAX:gappy_years,no_level_shift_detected,outlier_level_n=1"
woods_hole-8447930-usa-noaa_annual.csv,82,True,False,False,"MSL:gappy_years,no_level_shift_detected | ANNMAX:gappy_years,no_level_shift_detected,outlier_level_n=2,outlier_spike_n=2"
wyndham-63090-aus-bom_annual.csv,45,True,False,False,"MSL:gappy_years,no_level_shift_detected | ANNMAX:gappy_years,no_level_shift_detected,outlier_level_n=2,outlier_spike_n=3"
yakutat-9453220-usa-noaa_annual.csv,54,True,False,False,"MSL:gappy_years,no_level_shift_detected | ANNMAX:gappy_years,no_level_shift_detected,outlier_level_n=2,outlier_spike_n=3"
yakutat_ak-570-usa-uhslc_fd_annual.csv,54,True,False,False,"MSL:gappy_years,no_level_shift_detected | ANNMAX:gappy_years,no_level_shift_detected,outlier_level_n=2,outlier_spike_n=3"
yakutat_ak-570a-usa-uhslc_rq_annual.csv,50,True,False,False,"MSL:gappy_years,no_level_shift_detected | ANNMAX:gappy_years,no_level_shift_detected,outlier_level_n=2,outlier_spike_n=3"
yap-008-fsm-uhslc_fd_annual.csv,46,True,False,False,"MSL:gappy_years,no_level_shift_detected | ANNMAX:gappy_years,no_level_shift_detected,outlier_level_n=5,outlier_spike_n=7"
aalesundtg-aal-nor-cmems_annual.csv,62,True,True,True,"MSL:gappy_years,no_level_shift_detected | ANNMAX:gappy_years,no_level_shift_detected"
abashiri-347-jpn-uhslc_fd_annual.csv,54,True,True,True,"MSL:gappy_years,no_level_shift_detected | ANNMAX:gappy_years,no_level_shift_detected"
abashiri-347a-jpn-uhslc_rq_annual.csv,62,True,True,True,"MSL:gappy_years,no_level_shift_detected | ANNMAX:gappy_years,no_level_shift_detected"
abashiri-ma02-jpn-jodc_jma_annual.csv,53,True,True,True,"MSL:gappy_years,no_level_shift_detected | ANNMAX:gappy_years,no_level_shift_detected"
aburatsu-354-jpn-uhslc_fd_annual.csv,64,True,True,True,MSL:no_level_shift_detected | ANNMAX:no_level_shift_detected
aburatsu-354a-jpn-uhslc_rq_annual.csv,84,True,True,True,"MSL:gappy_years,no_level_shift_detected | ANNMAX:gappy_years,no_level_shift_detected"
aburatsu-ma41-jpn-jodc_jma_annual.csv,62,True,True,True,MSL:no_level_shift_detected | ANNMAX:no_level_shift_detected
albany-62120-aus-bom_annual.csv,53,True,True,True,"MSL:gappy_years,no_level_shift_detected | ANNMAX:gappy_years,no_level_shift_detected"
alesund-aes-nor-nhs_annual.csv,61,True,True,True,"MSL:gappy_years,no_level_shift_detected | ANNMAX:gappy_years,no_level_shift_detected"
alicante_i-ali-esp-da_mm_annual.csv,52,True,True,True,"MSL:gappy_years,no_level_shift_detected | ANNMAX:gappy_years,no_level_shift_detected"
argentia-835-can-meds_annual.csv,46,True,True,True,"MSL:gappy_years,no_level_shift_detected | ANNMAX:gappy_years,no_level_shift_detected"
astoria-9439040-usa-noaa_annual.csv,98,True,True,True,"MSL:gappy_years,no_level_shift_detected | ANNMAX:gappy_years,no_level_shift_detected"
astoria_or-572a-usa-uhslc_rq_annual.csv,94,True,True,True,"MSL:gappy_years,no_level_shift_detected | ANNMAX:gappy_years,no_level_shift_detected"
atlantic_city-264-usa-uhslc_fd_annual.csv,104,True,True,True,"MSL:gappy_years,no_level_shift_detected | ANNMAX:gappy_years,no_level_shift_detected"
atlantic_city_nj-264a-usa-uhslc_rq_annual.csv,100,True,True,True,"MSL:gappy_years,no_level_shift_detected | ANNMAX:gappy_years,no_level_shift_detected"
bakar-bak-hrv-uz_annual.csv,76,True,True,True,"MSL:gappy_years,no_level_shift_detected | ANNMAX:gappy_years,no_level_shift_detected"
bamfield_bc-8545-can-meds_annual.csv,53,True,True,True,"MSL:gappy_years,no_level_shift_detected | ANNMAX:gappy_years,no_level_shift_detected"
bar_harbor-8413320-usa-noaa_annual.csv,65,True,True,True,"MSL:gappy_years,no_level_shift_detected | ANNMAX:gappy_years,no_level_shift_detected"
bergen-bgo-nor-nhs_annual.csv,90,True,True,True,"MSL:gappy_years,no_level_shift_detected | ANNMAX:gappy_years,no_level_shift_detected"
bergentg-ber-nor-cmems_annual.csv,90,True,True,True,"MSL:gappy_years,no_level_shift_detected | ANNMAX:gappy_years,no_level_shift_detected"
bjorn-2067-swe-smhi_annual.csv,81,True,True,True,"MSL:gappy_years,no_level_shift_detected | ANNMAX:gappy_years,no_level_shift_detected"
bjorn-bjo-swe-cmems_annual.csv,81,True,True,True,"MSL:gappy_years,no_level_shift_detected | ANNMAX:gappy_years,no_level_shift_detected"
bodo-boo-nor-nhs_annual.csv,55,True,True,True,"MSL:gappy_years,no_level_shift_detected | ANNMAX:gappy_years,no_level_shift_detected"
bodoetg-bod-nor-cmems_annual.csv,57,True,True,True,"MSL:gappy_years,no_level_shift_detected | ANNMAX:gappy_years,no_level_shift_detected"
boston-8443970-usa-noaa_annual.csv,103,True,True,True,"MSL:gappy_years,no_level_shift_detected | ANNMAX:gappy_years,no_level_shift_detected"
boston_ma-741a-usa-uhslc_rq_annual.csv,99,True,True,True,"MSL:gappy_years,no_level_shift_detected | ANNMAX:gappy_years,no_level_shift_detected"
brest-3-fra-refmar_annual.csv,160,True,True,True,"MSL:gappy_years,no_level_shift_detected | ANNMAX:gappy_years,no_level_shift_detected"
bresttg_60minute-bre-fra-cmems_annual.csv,160,True,True,True,"MSL:gappy_years,no_level_shift_detected | ANNMAX:gappy_years,no_level_shift_detected"
bridgeport-8467150-usa-noaa_annual.csv,55,True,True,True,MSL:no_level_shift_detected | ANNMAX:no_level_shift_detected
buenos_aires-285a-arg-uhslc_rq_annual.csv,57,True,True,True,MSL:no_level_shift_detected | ANNMAX:no_level_shift_detected
cadiz-cadi-esp-ieo_annual.csv,50,True,True,True,"MSL:gappy_years,no_level_shift_detected | ANNMAX:gappy_years,no_level_shift_detected"
callao-093-per-uhslc_fd_annual.csv,50,True,True,True,"MSL:gappy_years,no_level_shift_detected | ANNMAX:gappy_years,no_level_shift_detected"
cape_may-8536110-usa-noaa_annual.csv,52,True,True,True,"MSL:gappy_years,no_level_shift_detected | ANNMAX:gappy_years,no_level_shift_detected"
cape_may_nj-746a-usa-uhslc_rq_annual.csv,48,True,True,True,"MSL:gappy_years,no_level_shift_detected | ANNMAX:gappy_years,no_level_shift_detected"
ceuta-207-esp-uhslc_fd_annual.csv,67,True,True,True,"MSL:gappy_years,no_level_shift_detected | ANNMAX:gappy_years,no_level_shift_detected"
ceuta-207a-esp-uhslc_rq_annual.csv,66,True,True,True,"MSL:gappy_years,no_level_shift_detected | ANNMAX:gappy_years,no_level_shift_detected"
ceuta-ceta-esp-ieo_annual.csv,65,True,True,True,"MSL:gappy_years,no_level_shift_detected | ANNMAX:gappy_years,no_level_shift_detected"
cherry_point-9449424-usa-noaa_annual.csv,48,True,True,True,"MSL:gappy_years,no_level_shift_detected | ANNMAX:gappy_years,no_level_shift_detected"
chiba-hd06-jpn-jodc_jcg_annual.csv,59,True,True,True,MSL:no_level_shift_detected | ANNMAX:no_level_shift_detected
churchill-5010-can-meds_annual.csv,66,True,True,True,"MSL:gappy_years,no_level_shift_detected | ANNMAX:gappy_years,no_level_shift_detected"
cristobal-266-pan-uhslc_fd_annual.csv,95,True,True,True,"MSL:gappy_years,no_level_shift_detected | ANNMAX:gappy_years,no_level_shift_detected"
cuxhaven-825-deu-uhslc_fd_annual.csv,95,True,True,True,"MSL:gappy_years,no_level_shift_detected | ANNMAX:gappy_years,no_level_shift_detected"
cuxhaven-825a-deu-uhslc_rq_annual.csv,93,True,True,True,"MSL:gappy_years,no_level_shift_detected | ANNMAX:gappy_years,no_level_shift_detected"
cuxhaven_steubenhoft-cux-deu-bfg_annual.csv,105,True,True,True,"MSL:gappy_years,no_level_shift_detected | ANNMAX:gappy_years,no_level_shift_detected"
degerby-deg-fin-cmems_annual.csv,53,True,True,True,MSL:no_level_shift_detected | ANNMAX:no_level_shift_detected
den_helder-denhdr-nld-rws_hist_annual.csv,47,True,True,True,MSL:no_level_shift_detected | ANNMAX:no_level_shift_detected
den_oever_buiten-denovbtn-nld-rws_hist_annual.csv,47,True,True,True,MSL:no_level_shift_detected | ANNMAX:no_level_shift_detected
draghallan-2062-swe-smhi_annual.csv,65,True,True,True,"MSL:gappy_years,no_level_shift_detected | ANNMAX:gappy_years,no_level_shift_detected"
draghallan-dra-swe-cmems_annual.csv,65,True,True,True,"MSL:gappy_years,no_level_shift_detected | ANNMAX:gappy_years,no_level_shift_detected"
eastport_me-740a-usa-uhslc_rq_annual.csv,79,True,True,True,"MSL:gappy_years,no_level_shift_detected | ANNMAX:gappy_years,no_level_shift_detected"
esbjerg-esb-dnk-dmi_annual.csv,69,True,True,True,"MSL:gappy_years,no_level_shift_detected | ANNMAX:gappy_years,no_level_shift_detected"
esperance-62080-aus-bom_annual.csv,56,True,True,True,"MSL:gappy_years,no_level_shift_detected | ANNMAX:gappy_years,no_level_shift_detected"
fishguard-fis-gbr-bodc_annual.csv,44,True,True,True,"MSL:gappy_years,no_level_shift_detected | ANNMAX:gappy_years,no_level_shift_detected"
foglo_degerby-134252-fin-fmi_annual.csv,54,True,True,True,MSL:no_level_shift_detected | ANNMAX:no_level_shift_detected
fort_denison-333-aus-uhslc_fd_annual.csv,58,True,True,True,"MSL:gappy_years,no_level_shift_detected | ANNMAX:gappy_years,no_level_shift_detected"
fort_denison-333a-aus-uhslc_rq_annual.csv,55,True,True,True,"MSL:gappy_years,no_level_shift_detected | ANNMAX:gappy_years,no_level_shift_detected"
fremantle-62230-aus-bom_annual.csv,112,True,True,True,"MSL:gappy_years,no_level_shift_detected | ANNMAX:gappy_years,no_level_shift_detected"
furuogrund-2055-swe-smhi_annual.csv,109,True,True,True,MSL:no_level_shift_detected | ANNMAX:no_level_shift_detected
furuogrund-fur-swe-cmems_annual.csv,109,True,True,True,MSL:no_level_shift_detected | ANNMAX:no_level_shift_detected
gedser-837a-dnk-uhslc_rq_annual.csv,112,True,True,True,"MSL:gappy_years,no_level_shift_detected | ANNMAX:gappy_years,no_level_shift_detected"
gedser-ged-dnk-dmi_annual.csv,123,True,True,True,"MSL:gappy_years,no_level_shift_detected | ANNMAX:gappy_years,no_level_shift_detected"
geelong-60770-aus-bom_annual.csv,45,True,True,True,"MSL:gappy_years,no_level_shift_detected | ANNMAX:gappy_years,no_level_shift_detected"
geraldton-62290-aus-bom_annual.csv,56,True,True,True,"MSL:gappy_years,no_level_shift_detected | ANNMAX:gappy_years,no_level_shift_detected"
goteborgorsh-819-swe-uhslc_fd_annual.csv,53,True,True,True,"MSL:gappy_years,no_level_shift_detected | ANNMAX:gappy_years,no_level_shift_detected"
goteborgtorshamnen-got-swe-cmems_annual.csv,54,True,True,True,MSL:no_level_shift_detected | ANNMAX:no_level_shift_detected
hachijyojima-hd11-jpn-jodc_jcg_annual.csv,58,True,True,True,"MSL:gappy_years,no_level_shift_detected | ANNMAX:gappy_years,no_level_shift_detected"
hakodate-364a-jpn-uhslc_rq_annual.csv,67,True,True,True,"MSL:gappy_years,no_level_shift_detected | ANNMAX:gappy_years,no_level_shift_detected"
hamina-ham-fin-cmems_annual.csv,53,True,True,True,MSL:no_level_shift_detected | ANNMAX:no_level_shift_detected
hamina_pitajansaari-134254-fin-fmi_annual.csv,54,True,True,True,MSL:no_level_shift_detected | ANNMAX:no_level_shift_detected
hammerfest-hft-nor-nhs_annual.csv,55,True,True,True,"MSL:gappy_years,no_level_shift_detected | ANNMAX:gappy_years,no_level_shift_detected"
hammerfesttg-ham-nor-cmems_annual.csv,57,True,True,True,"MSL:gappy_years,no_level_shift_detected | ANNMAX:gappy_years,no_level_shift_detected"
hanko-han-fin-cmems_annual.csv,53,True,True,True,MSL:no_level_shift_detected | ANNMAX:no_level_shift_detected
hanko_pikku_kolalahti-134253-fin-fmi_annual.csv,54,True,True,True,MSL:no_level_shift_detected | ANNMAX:no_level_shift_detected
hansweert-hanswt-nld-rws_hist_annual.csv,47,True,True,True,MSL:no_level_shift_detected | ANNMAX:no_level_shift_detected
harlingen-harlgn-nld-rws_hist_annual.csv,45,True,True,True,MSL:no_level_shift_detected | ANNMAX:no_level_shift_detected
harstad-har-nor-nhs_annual.csv,63,True,True,True,"MSL:gappy_years,no_level_shift_detected | ANNMAX:gappy_years,no_level_shift_detected"
harstadtg-har-nor-cmems_annual.csv,64,True,True,True,"MSL:gappy_years,no_level_shift_detected | ANNMAX:gappy_years,no_level_shift_detected"
heimsjo-hei-nor-nhs_annual.csv,87,True,True,True,"MSL:gappy_years,no_level_shift_detected | ANNMAX:gappy_years,no_level_shift_detected"
heimsjoetg-hei-nor-cmems_annual.csv,87,True,True,True,"MSL:gappy_years,no_level_shift_detected | ANNMAX:gappy_years,no_level_shift_detected"
helsinki-hel-fin-cmems_annual.csv,53,True,True,True,MSL:no_level_shift_detected | ANNMAX:no_level_shift_detected
helsinki_kaivopuisto-132310-fin-fmi_annual.csv,54,True,True,True,MSL:no_level_shift_detected | ANNMAX:no_level_shift_detected
hoek_van_holland-hoekvhld-nld-rws_hist_annual.csv,45,True,True,True,MSL:no_level_shift_detected | ANNMAX:no_level_shift_detected
honningsvag-hvg-nor-nhs_annual.csv,48,True,True,True,"MSL:gappy_years,no_level_shift_detected | ANNMAX:gappy_years,no_level_shift_detected"
hornbaek-838a-dnk-uhslc_rq_annual.csv,113,True,True,True,"MSL:gappy_years,no_level_shift_detected | ANNMAX:gappy_years,no_level_shift_detected"
hornbaek-hor-dnk-dmi_annual.csv,126,True,True,True,"MSL:gappy_years,no_level_shift_detected | ANNMAX:gappy_years,no_level_shift_detected"
hosojima-gs02-jpn-jodc_giaj_annual.csv,85,True,True,True,"MSL:gappy_years,no_level_shift_detected | ANNMAX:gappy_years,no_level_shift_detected"
ishigaki-365-jpn-uhslc_fd_annual.csv,55,True,True,True,"MSL:gappy_years,no_level_shift_detected | ANNMAX:gappy_years,no_level_shift_detected"
ishigaki-365a-jpn-uhslc_rq_annual.csv,53,True,True,True,"MSL:gappy_years,no_level_shift_detected | ANNMAX:gappy_years,no_level_shift_detected"
ishigaki-ma45-jpn-jodc_jma_annual.csv,53,True,True,True,"MSL:gappy_years,no_level_shift_detected | ANNMAX:gappy_years,no_level_shift_detected"
johnston-052-usa-uhslc_fd_annual.csv,69,True,True,True,"MSL:gappy_years,no_level_shift_detected | ANNMAX:gappy_years,no_level_shift_detected"
johnston-052a-usa-uhslc_rq_annual.csv,62,True,True,True,"MSL:gappy_years,no_level_shift_detected | ANNMAX:gappy_years,no_level_shift_detected"
kagoshima-ma42-jpn-jodc_jma_annual.csv,51,True,True,True,"MSL:gappy_years,no_level_shift_detected | ANNMAX:gappy_years,no_level_shift_detected"
kainan-gs05-jpn-jodc_giaj_annual.csv,67,True,True,True,"MSL:gappy_years,no_level_shift_detected | ANNMAX:gappy_years,no_level_shift_detected"
kamaishi-hd05-jpn-jodc_jcg_aligned_annual.csv,61,True,True,True,"MSL:gappy_years,no_level_shift_detected | ANNMAX:gappy_years,no_level_shift_detected"
kashiwazaki-gs08-jpn-jodc_giaj_annual.csv,62,True,True,True,"MSL:gappy_years,no_level_shift_detected | ANNMAX:gappy_years,no_level_shift_detected"
kaskinen-kas-fin-cmems_annual.csv,53,True,True,True,MSL:no_level_shift_detected | ANNMAX:no_level_shift_detected
kaskinen_adskar-134251-fin-fmi_annual.csv,54,True,True,True,MSL:no_level_shift_detected | ANNMAX:no_level_shift_detected
katsuura-gs11-jpn-jodc_giaj_annual.csv,55,True,True,True,"MSL:gappy_years,no_level_shift_detected | ANNMAX:gappy_years,no_level_shift_detected"
kemi-kem-fin-cmems_annual.csv,51,True,True,True,"MSL:gappy_years,no_level_shift_detected | ANNMAX:gappy_years,no_level_shift_detected"
kemi_ajos-100539-fin-fmi_annual.csv,52,True,True,True,"MSL:gappy_years,no_level_shift_detected | ANNMAX:gappy_years,no_level_shift_detected"
klagshamn-2095-swe-smhi_annual.csv,90,True,True,True,"MSL:gappy_years,no_level_shift_detected | ANNMAX:gappy_years,no_level_shift_detected"
klagshamn-kla-swe-cmems_annual.csv,90,True,True,True,"MSL:gappy_years,no_level_shift_detected | ANNMAX:gappy_years,no_level_shift_detected"
komatsushima-ma36-jpn-jodc_jma_annual.csv,56,True,True,True,"MSL:gappy_years,no_level_shift_detected | ANNMAX:gappy_years,no_level_shift_detected"
kornwerderzand_buiten-kornwdzbtn-nld-rws_hist_annual.csv,47,True,True,True,MSL:no_level_shift_detected | ANNMAX:no_level_shift_detected
kozushima-hd09-jpn-jodc_jcg_aligned_annual.csv,51,True,True,True,"MSL:gappy_years,no_level_shift_detected | ANNMAX:gappy_years,no_level_shift_detected"
kristiansund-ksu-nor-nhs_annual.csv,69,True,True,True,"MSL:gappy_years,no_level_shift_detected | ANNMAX:gappy_years,no_level_shift_detected"
kristiansundtg-kri-nor-cmems_annual.csv,71,True,True,True,"MSL:gappy_years,no_level_shift_detected | ANNMAX:gappy_years,no_level_shift_detected"
kungsholmsfort-2088-swe-smhi_annual.csv,137,True,True,True,"MSL:gappy_years,no_level_shift_detected | ANNMAX:gappy_years,no_level_shift_detected"
kungsholmsfort-kun-swe-cmems_annual.csv,137,True,True,True,"MSL:gappy_years,no_level_shift_detected | ANNMAX:gappy_years,no_level_shift_detected"
kushimoto-353-jpn-uhslc_fd_annual.csv,63,True,True,True,"MSL:gappy_years,no_level_shift_detected | ANNMAX:gappy_years,no_level_shift_detected"
kushimoto-353a-jpn-uhslc_rq_annual.csv,89,True,True,True,"MSL:gappy_years,no_level_shift_detected | ANNMAX:gappy_years,no_level_shift_detected"
kushimoto-ma26-jpn-jodc_jma_annual.csv,61,True,True,True,"MSL:gappy_years,no_level_shift_detected | ANNMAX:gappy_years,no_level_shift_detected"
kushiro-350-jpn-uhslc_fd_annual.csv,74,True,True,True,"MSL:gappy_years,no_level_shift_detected | ANNMAX:gappy_years,no_level_shift_detected"
kushiro-350a-jpn-uhslc_rq_annual.csv,72,True,True,True,"MSL:gappy_years,no_level_shift_detected | ANNMAX:gappy_years,no_level_shift_detected"
kushiro-ma04-jpn-jodc_jma_annual.csv,57,True,True,True,"MSL:gappy_years,no_level_shift_detected | ANNMAX:gappy_years,no_level_shift_detected"
kwajalein-055-mhl-uhslc_fd_annual.csv,77,True,True,True,"MSL:gappy_years,no_level_shift_detected | ANNMAX:gappy_years,no_level_shift_detected"
kwajalein-055a-mhl-uhslc_rq_annual.csv,73,True,True,True,"MSL:gappy_years,no_level_shift_detected | ANNMAX:gappy_years,no_level_shift_detected"
la_coruna-830a-esp-uhslc_rq_annual.csv,69,True,True,True,"MSL:gappy_years,no_level_shift_detected | ANNMAX:gappy_years,no_level_shift_detected"
landsort-2073-swe-smhi_annual.csv,118,True,True,True,"MSL:gappy_years,no_level_shift_detected | ANNMAX:gappy_years,no_level_shift_detected"
landsort1-lan-swe-cmems_annual.csv,118,True,True,True,"MSL:gappy_years,no_level_shift_detected | ANNMAX:gappy_years,no_level_shift_detected"
lauzon-3250-can-meds_annual.csv,89,True,True,True,"MSL:gappy_years,no_level_shift_detected | ANNMAX:gappy_years,no_level_shift_detected"
lerwick-293-gbr-uhslc_fd_annual.csv,50,True,True,True,"MSL:gappy_years,no_level_shift_detected | ANNMAX:gappy_years,no_level_shift_detected"
lerwick-293a-gbr-uhslc_rq_annual.csv,51,True,True,True,"MSL:gappy_years,no_level_shift_detected | ANNMAX:gappy_years,no_level_shift_detected"
lerwick-ler-gbr-bodc_annual.csv,49,True,True,True,"MSL:gappy_years,no_level_shift_detected | ANNMAX:gappy_years,no_level_shift_detected"
lowestoft-low-gbr-bodc_annual.csv,58,True,True,True,"MSL:gappy_years,no_level_shift_detected | ANNMAX:gappy_years,no_level_shift_detected"
maizuru-hd24-jpn-jodc_jcg_annual.csv,58,True,True,True,MSL:no_level_shift_detected | ANNMAX:no_level_shift_detected
maizuru-ma55-jpn-jodc_jma_annual.csv,54,True,True,True,MSL:no_level_shift_detected | ANNMAX:no_level_shift_detected
makurazaki-ma43-jpn-jodc_jma_annual.csv,55,True,True,True,"MSL:gappy_years,no_level_shift_detected | ANNMAX:gappy_years,no_level_shift_detected"
malakal-007-plw-uhslc_fd_annual.csv,52,True,True,True,"MSL:gappy_years,no_level_shift_detected | ANNMAX:gappy_years,no_level_shift_detected"
maloy-may-nor-nhs_annual.csv,70,True,True,True,"MSL:gappy_years,no_level_shift_detected | ANNMAX:gappy_years,no_level_shift_detected"
maloytg-mal-nor-cmems_annual.csv,73,True,True,True,"MSL:gappy_years,no_level_shift_detected | ANNMAX:gappy_years,no_level_shift_detected"
marviken-2076-swe-smhi_annual.csv,54,True,True,True,MSL:no_level_shift_detected | ANNMAX:no_level_shift_detected
marviken-mar-swe-cmems_annual.csv,54,True,True,True,MSL:no_level_shift_detected | ANNMAX:no_level_shift_detected
matsuyama-ma34-jpn-jodc_jma_annual.csv,62,True,True,True,MSL:no_level_shift_detected | ANNMAX:no_level_shift_detected
melbourne_williamstown-60780-aus-bom_annual.csv,56,True,True,True,"MSL:gappy_years,no_level_shift_detected | ANNMAX:gappy_years,no_level_shift_detected"
mera-352-jpn-uhslc_fd_annual.csv,57,True,True,True,"MSL:gappy_years,no_level_shift_detected | ANNMAX:gappy_years,no_level_shift_detected"
mera-352a-jpn-uhslc_rq_annual.csv,88,True,True,True,"MSL:gappy_years,no_level_shift_detected | ANNMAX:gappy_years,no_level_shift_detected"
mera-ma14-jpn-jodc_jma_annual.csv,54,True,True,True,"MSL:gappy_years,no_level_shift_detected | ANNMAX:gappy_years,no_level_shift_detected"
midway-050-usa-uhslc_fd_annual.csv,70,True,True,True,"MSL:gappy_years,no_level_shift_detected | ANNMAX:gappy_years,no_level_shift_detected"
midway-050a-usa-uhslc_rq_annual.csv,66,True,True,True,"MSL:gappy_years,no_level_shift_detected | ANNMAX:gappy_years,no_level_shift_detected"
mikuni-gs12-jpn-jodc_giaj_annual.csv,54,True,True,True,"MSL:gappy_years,no_level_shift_detected | ANNMAX:gappy_years,no_level_shift_detected"
miyakejima-357a-jpn-uhslc_rq_aligned_annual.csv,54,True,True,True,MSL:no_level_shift_detected | ANNMAX:no_level_shift_detected
miyakejima-hd10-jpn-jodc_jcg_aligned_annual.csv,60,True,True,True,MSL:no_level_shift_detected | ANNMAX:no_level_shift_detected
miyako-ma09-jpn-jodc_jma_annual.csv,51,True,True,True,"MSL:gappy_years,no_level_shift_detected | ANNMAX:gappy_years,no_level_shift_detected"
montauk-8510560-usa-noaa_annual.csv,63,True,True,True,"MSL:gappy_years,no_level_shift_detected | ANNMAX:gappy_years,no_level_shift_detected"
montauk_ny-279a-usa-uhslc_rq_annual.csv,60,True,True,True,"MSL:gappy_years,no_level_shift_detected | ANNMAX:gappy_years,no_level_shift_detected"
nagoya-ma22-jpn-jodc_jma_annual.csv,62,True,True,True,MSL:no_level_shift_detected | ANNMAX:no_level_shift_detected
naha-355-jpn-uhslc_fd_annual.csv,58,True,True,True,MSL:no_level_shift_detected | ANNMAX:no_level_shift_detected
naha-355a-jpn-uhslc_rq_annual.csv,56,True,True,True,MSL:no_level_shift_detected | ANNMAX:no_level_shift_detected
naha-ma44-jpn-jodc_jma_annual.csv,57,True,True,True,MSL:no_level_shift_detected | ANNMAX:no_level_shift_detected
nantucket_island-8449130-usa-noaa_annual.csv,58,True,True,True,"MSL:gappy_years,no_level_shift_detected | ANNMAX:gappy_years,no_level_shift_detected"
nantucket_ma-743a-usa-uhslc_rq_annual.csv,52,True,True,True,"MSL:gappy_years,no_level_shift_detected | ANNMAX:gappy_years,no_level_shift_detected"
naples-8725110-usa-noaa_annual.csv,55,True,True,True,"MSL:gappy_years,no_level_shift_detected | ANNMAX:gappy_years,no_level_shift_detected"
naze-359-jpn-uhslc_fd_annual.csv,61,True,True,True,"MSL:gappy_years,no_level_shift_detected | ANNMAX:gappy_years,no_level_shift_detected"
naze-359a-jpn-uhslc_rq_annual.csv,54,True,True,True,"MSL:gappy_years,no_level_shift_detected | ANNMAX:gappy_years,no_level_shift_detected"
naze-hd22-jpn-jodc_jcg_aligned_annual.csv,61,True,True,True,"MSL:gappy_years,no_level_shift_detected | ANNMAX:gappy_years,no_level_shift_detected"
new_london-8461490-usa-noaa_annual.csv,81,True,True,True,"MSL:gappy_years,no_level_shift_detected | ANNMAX:gappy_years,no_level_shift_detected"
new_london_ct-744a-usa-uhslc_rq_annual.csv,77,True,True,True,"MSL:gappy_years,no_level_shift_detected | ANNMAX:gappy_years,no_level_shift_detected"
new_westminster_bc-7654-can-meds_annual.csv,52,True,True,True,"MSL:gappy_years,no_level_shift_detected | ANNMAX:gappy_years,no_level_shift_detected"
newcastle-60310-aus-bom_annual.csv,57,True,True,True,MSL:no_level_shift_detected | ANNMAX:no_level_shift_detected
newlyn-new-gbr-bodc_annual.csv,66,True,True,True,"MSL:gappy_years,no_level_shift_detected | ANNMAX:gappy_years,no_level_shift_detected"
newlyn_cornwall-294-gbr-uhslc_fd_annual.csv,94,True,True,True,"MSL:gappy_years,no_level_shift_detected | ANNMAX:gappy_years,no_level_shift_detected"
newlyn_cornwall-294a-gbr-uhslc_rq_annual.csv,97,True,True,True,"MSL:gappy_years,no_level_shift_detected | ANNMAX:gappy_years,no_level_shift_detected"
newport_ri-253-usa-uhslc_fd_annual.csv,83,True,True,True,"MSL:gappy_years,no_level_shift_detected | ANNMAX:gappy_years,no_level_shift_detected"
newport_ri-253a-usa-uhslc_rq_annual.csv,79,True,True,True,"MSL:gappy_years,no_level_shift_detected | ANNMAX:gappy_years,no_level_shift_detected"
nezugaseki-gs07-jpn-jodc_giaj_aligned_annual.csv,58,True,True,True,"MSL:gappy_years,no_level_shift_detected | ANNMAX:gappy_years,no_level_shift_detected"
nishinoomote-hd21-jpn-jodc_jcg_annual.csv,58,True,True,True,"MSL:gappy_years,no_level_shift_detected | ANNMAX:gappy_years,no_level_shift_detected"
north_sydney-612-can-meds_annual.csv,52,True,True,True,"MSL:gappy_years,no_level_shift_detected | ANNMAX:gappy_years,no_level_shift_detected"
odomari-hd20-jpn-jodc_jcg_annual.csv,59,True,True,True,MSL:no_level_shift_detected | ANNMAX:no_level_shift_detected
oita-hd16-jpn-jodc_jcg_aligned_annual.csv,57,True,True,True,MSL:no_level_shift_detected | ANNMAX:no_level_shift_detected
okada-ma17-jpn-jodc_jma_annual.csv,59,True,True,True,"MSL:gappy_years,no_level_shift_detected | ANNMAX:gappy_years,no_level_shift_detected"
olands_norra_udde-2083-swe-smhi_annual.csv,60,True,True,True,"MSL:gappy_years,no_level_shift_detected | ANNMAX:gappy_years,no_level_shift_detected"
olandsnorraudde-ola-swe-cmems_annual.csv,60,True,True,True,"MSL:gappy_years,no_level_shift_detected | ANNMAX:gappy_years,no_level_shift_detected"
omaezaki-ma20-jpn-jodc_jma_annual.csv,60,True,True,True,"MSL:gappy_years,no_level_shift_detected | ANNMAX:gappy_years,no_level_shift_detected"
onisaki-gs09-jpn-jodc_giaj_annual.csv,56,True,True,True,"MSL:gappy_years,no_level_shift_detected | ANNMAX:gappy_years,no_level_shift_detected"
osaka-ma30-jpn-jodc_jma_annual.csv,53,True,True,True,MSL:no_level_shift_detected | ANNMAX:no_level_shift_detected
oscarsborg-osc-nor-nhs_annual.csv,55,True,True,True,"MSL:gappy_years,no_level_shift_detected | ANNMAX:gappy_years,no_level_shift_detected"
oscarsborgtg-osc-nor-cmems_annual.csv,56,True,True,True,"MSL:gappy_years,no_level_shift_detected | ANNMAX:gappy_years,no_level_shift_detected"
oskarshamn-2085-swe-smhi_annual.csv,63,True,True,True,"MSL:gappy_years,no_level_shift_detected | ANNMAX:gappy_years,no_level_shift_detected"
oskarshamn-osk-swe-cmems_annual.csv,63,True,True,True,"MSL:gappy_years,no_level_shift_detected | ANNMAX:gappy_years,no_level_shift_detected"
oslo-osl-nor-nhs_annual.csv,95,True,True,True,"MSL:gappy_years,no_level_shift_detected | ANNMAX:gappy_years,no_level_shift_detected"
oslotg-osl-nor-cmems_annual.csv,95,True,True,True,"MSL:gappy_years,no_level_shift_detected | ANNMAX:gappy_years,no_level_shift_detected"
oulu-oul-fin-cmems_annual.csv,53,True,True,True,MSL:no_level_shift_detected | ANNMAX:no_level_shift_detected
oulu_toppila-134248-fin-fmi_annual.csv,54,True,True,True,MSL:no_level_shift_detected | ANNMAX:no_level_shift_detected
owase-ma24-jpn-jodc_jma_annual.csv,56,True,True,True,MSL:no_level_shift_detected | ANNMAX:no_level_shift_detected
pietarsaari-pie-fin-cmems_annual.csv,53,True,True,True,MSL:no_level_shift_detected | ANNMAX:no_level_shift_detected
pietarsaari_leppaluoto-134250-fin-fmi_annual.csv,54,True,True,True,MSL:no_level_shift_detected | ANNMAX:no_level_shift_detected
point_lonsdale-60730-aus-bom_annual.csv,59,True,True,True,"MSL:gappy_years,no_level_shift_detected | ANNMAX:gappy_years,no_level_shift_detected"
pori-por-fin-cmems_annual.csv,51,True,True,True,"MSL:gappy_years,no_level_shift_detected | ANNMAX:gappy_years,no_level_shift_detected"
pori_mantyluoto_kallo-134266-fin-fmi_annual.csv,52,True,True,True,"MSL:gappy_years,no_level_shift_detected | ANNMAX:gappy_years,no_level_shift_detected"
port_adelaide_outer_harbor-61600-aus-bom_annual.csv,80,True,True,True,"MSL:gappy_years,no_level_shift_detected | ANNMAX:gappy_years,no_level_shift_detected"
port_hardy_bc-8408-can-meds_annual.csv,59,True,True,True,"MSL:gappy_years,no_level_shift_detected | ANNMAX:gappy_years,no_level_shift_detected"
port_lincoln-61900-aus-bom_annual.csv,56,True,True,True,"MSL:gappy_years,no_level_shift_detected | ANNMAX:gappy_years,no_level_shift_detected"
portland_me-252a-usa-uhslc_rq_annual.csv,102,True,True,True,"MSL:gappy_years,no_level_shift_detected | ANNMAX:gappy_years,no_level_shift_detected"
portpatrick-por-gbr-bodc_annual.csv,41,True,True,True,"MSL:gappy_years,no_level_shift_detected | ANNMAX:gappy_years,no_level_shift_detected"
raahe-raa-fin-cmems_annual.csv,53,True,True,True,MSL:no_level_shift_detected | ANNMAX:no_level_shift_detected
raahe_lapaluoto-100540-fin-fmi_annual.csv,54,True,True,True,MSL:no_level_shift_detected | ANNMAX:no_level_shift_detected
ratan-2056-swe-smhi_annual.csv,133,True,True,True,MSL:no_level_shift_detected | ANNMAX:no_level_shift_detected
ratan-rat-swe-cmems_annual.csv,133,True,True,True,MSL:no_level_shift_detected | ANNMAX:no_level_shift_detected
rauma-rau-fin-cmems_annual.csv,53,True,True,True,MSL:no_level_shift_detected | ANNMAX:no_level_shift_detected
rauma_ulko_petajas-134224-fin-fmi_annual.csv,54,True,True,True,MSL:no_level_shift_detected | ANNMAX:no_level_shift_detected
rikitea-016-fra-uhslc_fd_annual.csv,48,True,True,True,"MSL:gappy_years,no_level_shift_detected | ANNMAX:gappy_years,no_level_shift_detected"
ringhals-2105-swe-smhi_annual.csv,54,True,True,True,"MSL:gappy_years,no_level_shift_detected | ANNMAX:gappy_years,no_level_shift_detected"
ringhals-rin-swe-cmems_annual.csv,50,True,True,True,"MSL:gappy_years,no_level_shift_detected | ANNMAX:gappy_years,no_level_shift_detected"
riviere_au_renard-2330-can-meds_annual.csv,46,True,True,True,"MSL:gappy_years,no_level_shift_detected | ANNMAX:gappy_years,no_level_shift_detected"
rorvik-803-nor-uhslc_fd_annual.csv,53,True,True,True,"MSL:gappy_years,no_level_shift_detected | ANNMAX:gappy_years,no_level_shift_detected"
rorvik-rvk-nor-nhs_annual.csv,52,True,True,True,"MSL:gappy_years,no_level_shift_detected | ANNMAX:gappy_years,no_level_shift_detected"
rorviktg-ror-nor-cmems_annual.csv,54,True,True,True,"MSL:gappy_years,no_level_shift_detected | ANNMAX:gappy_years,no_level_shift_detected"
saigo-ma54-jpn-jodc_jma_annual.csv,60,True,True,True,"MSL:gappy_years,no_level_shift_detected | ANNMAX:gappy_years,no_level_shift_detected"
saint_francois_io-3100-can-meds_annual.csv,57,True,True,True,"MSL:gappy_years,no_level_shift_detected | ANNMAX:gappy_years,no_level_shift_detected"
saint_joseph_de_la_rive-3057-can-meds_annual.csv,44,True,True,True,"MSL:gappy_years,no_level_shift_detected | ANNMAX:gappy_years,no_level_shift_detected"
sakai-ma53-jpn-jodc_jma_annual.csv,54,True,True,True,MSL:no_level_shift_detected | ANNMAX:no_level_shift_detected
san_francisco-9414290-usa-noaa_annual.csv,122,True,True,True,"MSL:gappy_years,no_level_shift_detected | ANNMAX:gappy_years,no_level_shift_detected"
san_francisco_ca-551a-usa-uhslc_rq_annual.csv,123,True,True,True,"MSL:gappy_years,no_level_shift_detected | ANNMAX:gappy_years,no_level_shift_detected"
sand_island-1619910-usa-noaa_annual.csv,63,True,True,True,"MSL:gappy_years,no_level_shift_detected | ANNMAX:gappy_years,no_level_shift_detected"
seattle-9447130-usa-noaa_annual.csv,126,True,True,True,MSL:no_level_shift_detected | ANNMAX:no_level_shift_detected
seward_ak-560-usa-uhslc_fd_annual.csv,49,True,True,True,"MSL:gappy_years,no_level_shift_detected | ANNMAX:gappy_years,no_level_shift_detected"
sewells_point-8638610-usa-noaa_annual.csv,95,True,True,True,"MSL:gappy_years,no_level_shift_detected | ANNMAX:gappy_years,no_level_shift_detected"
shimizuminato-ma19-jpn-jodc_jma_annual.csv,58,True,True,True,MSL:no_level_shift_detected | ANNMAX:no_level_shift_detected
shirahama-ma27-jpn-jodc_jma_annual.csv,55,True,True,True,MSL:no_level_shift_detected | ANNMAX:no_level_shift_detected
smogen-2111-swe-smhi_annual.csv,114,True,True,True,"MSL:gappy_years,no_level_shift_detected | ANNMAX:gappy_years,no_level_shift_detected"
smogen-smo-swe-cmems_annual.csv,114,True,True,True,"MSL:gappy_years,no_level_shift_detected | ANNMAX:gappy_years,no_level_shift_detected"
spikarna-2061-swe-smhi_annual.csv,56,True,True,True,MSL:no_level_shift_detected | ANNMAX:no_level_shift_detected
spikarna-spi-swe-cmems_annual.csv,56,True,True,True,MSL:no_level_shift_detected | ANNMAX:no_level_shift_detected
st_petersburg_fl-759a-usa-uhslc_rq_annual.csv,70,True,True,True,"MSL:gappy_years,no_level_shift_detected | ANNMAX:gappy_years,no_level_shift_detected"
stavanger-svg-nor-nhs_annual.csv,88,True,True,True,"MSL:gappy_years,no_level_shift_detected | ANNMAX:gappy_years,no_level_shift_detected"
stavangertg-sta-nor-cmems_annual.csv,89,True,True,True,"MSL:gappy_years,no_level_shift_detected | ANNMAX:gappy_years,no_level_shift_detected"
stockholm-2069-swe-smhi_annual.csv,136,True,True,True,MSL:no_level_shift_detected | ANNMAX:no_level_shift_detected
stockholm-826-swe-uhslc_fd_aligned_annual.csv,133,True,True,True,"MSL:gappy_years,no_level_shift_detected | ANNMAX:gappy_years,no_level_shift_detected"
stockholm-826a-swe-uhslc_rq_annual.csv,123,True,True,True,"MSL:gappy_years,no_level_shift_detected | ANNMAX:gappy_years,no_level_shift_detected"
stockholm-sto-swe-cmems_annual.csv,136,True,True,True,MSL:no_level_shift_detected | ANNMAX:no_level_shift_detected
sumoto-ma32-jpn-jodc_jma_annual.csv,57,True,True,True,"MSL:gappy_years,no_level_shift_detected | ANNMAX:gappy_years,no_level_shift_detected"
tajiri-gs10-jpn-jodc_giaj_annual.csv,57,True,True,True,MSL:no_level_shift_detected | ANNMAX:no_level_shift_detected
takamatsu-ma35-jpn-jodc_jma_annual.csv,52,True,True,True,"MSL:gappy_years,no_level_shift_detected | ANNMAX:gappy_years,no_level_shift_detected"
tannowa-ma29-jpn-jodc_jma_annual.csv,53,True,True,True,"MSL:gappy_years,no_level_shift_detected | ANNMAX:gappy_years,no_level_shift_detected"
taranaki-076a-nzl-uhslc_rq_annual.csv,43,True,True,True,"MSL:gappy_years,no_level_shift_detected | ANNMAX:gappy_years,no_level_shift_detected"
terneuzen-ternzn-nld-rws_hist_annual.csv,47,True,True,True,MSL:no_level_shift_detected | ANNMAX:no_level_shift_detected
thevenard-62000-aus-bom_annual.csv,54,True,True,True,"MSL:gappy_years,no_level_shift_detected | ANNMAX:gappy_years,no_level_shift_detected"
toba-ma23-jpn-jodc_jma_annual.csv,56,True,True,True,"MSL:gappy_years,no_level_shift_detected | ANNMAX:gappy_years,no_level_shift_detected"
tokuyama-hd15-jpn-jodc_jcg_annual.csv,74,True,True,True,MSL:no_level_shift_detected | ANNMAX:no_level_shift_detected
tokyo-ma15-jpn-jodc_jma_annual.csv,53,True,True,True,MSL:no_level_shift_detected | ANNMAX:no_level_shift_detected
tosashimizu-ma39-jpn-jodc_jma_annual.csv,62,True,True,True,MSL:no_level_shift_detected | ANNMAX:no_level_shift_detected
toyama-349-jpn-uhslc_fd_annual.csv,58,True,True,True,MSL:no_level_shift_detected | ANNMAX:no_level_shift_detected
toyama-349a-jpn-uhslc_rq_annual.csv,56,True,True,True,MSL:no_level_shift_detected | ANNMAX:no_level_shift_detected
toyama-ma56-jpn-jodc_jma_annual.csv,56,True,True,True,MSL:no_level_shift_detected | ANNMAX:no_level_shift_detected
travemunde-tra-deu-bfg_annual.csv,74,True,True,True,MSL:no_level_shift_detected | ANNMAX:no_level_shift_detected
tregde-804-nor-uhslc_fd_annual.csv,87,True,True,True,"MSL:gappy_years,no_level_shift_detected | ANNMAX:gappy_years,no_level_shift_detected"
tregde-804a-nor-uhslc_rq_annual.csv,80,True,True,True,"MSL:gappy_years,no_level_shift_detected | ANNMAX:gappy_years,no_level_shift_detected"
tregde-trg-nor-nhs_annual.csv,87,True,True,True,"MSL:gappy_years,no_level_shift_detected | ANNMAX:gappy_years,no_level_shift_detected"
tregdetg-tre-nor-cmems_annual.csv,89,True,True,True,"MSL:gappy_years,no_level_shift_detected | ANNMAX:gappy_years,no_level_shift_detected"
tromso-tos-nor-nhs_annual.csv,68,True,True,True,"MSL:gappy_years,no_level_shift_detected | ANNMAX:gappy_years,no_level_shift_detected"
tromsoetg-tro-nor-cmems_annual.csv,72,True,True,True,"MSL:gappy_years,no_level_shift_detected | ANNMAX:gappy_years,no_level_shift_detected"
tumaco-303a-col-uhslc_rq_annual.csv,45,True,True,True,"MSL:gappy_years,no_level_shift_detected | ANNMAX:gappy_years,no_level_shift_detected"
turku-tur-fin-cmems_annual.csv,53,True,True,True,MSL:no_level_shift_detected | ANNMAX:no_level_shift_detected
uno-ma33-jpn-jodc_jma_annual.csv,55,True,True,True,"MSL:gappy_years,no_level_shift_detected | ANNMAX:gappy_years,no_level_shift_detected"
uwajima-ma40-jpn-jodc_jma_annual.csv,56,True,True,True,MSL:no_level_shift_detected | ANNMAX:no_level_shift_detected
vaasa-vaa-fin-cmems_annual.csv,53,True,True,True,MSL:no_level_shift_detected | ANNMAX:no_level_shift_detected
vaasa_vaskiluoto-134223-fin-fmi_annual.csv,54,True,True,True,MSL:no_level_shift_detected | ANNMAX:no_level_shift_detected
varberg-2104-swe-smhi_annual.csv,83,True,True,True,"MSL:gappy_years,no_level_shift_detected | ANNMAX:gappy_years,no_level_shift_detected"
varberg1-var-swe-cmems_annual.csv,83,True,True,True,"MSL:gappy_years,no_level_shift_detected | ANNMAX:gappy_years,no_level_shift_detected"
victor_harbor-61490-aus-bom_annual.csv,51,True,True,True,"MSL:gappy_years,no_level_shift_detected | ANNMAX:gappy_years,no_level_shift_detected"
victoria_bc-543a-can-uhslc_rq_annual.csv,108,True,True,True,"MSL:gappy_years,no_level_shift_detected | ANNMAX:gappy_years,no_level_shift_detected"
vigo-vigo-esp-ieo_annual.csv,69,True,True,True,"MSL:gappy_years,no_level_shift_detected | ANNMAX:gappy_years,no_level_shift_detected"
visby-2080-swe-smhi_annual.csv,65,True,True,True,MSL:no_level_shift_detected | ANNMAX:no_level_shift_detected
visby-vis-swe-cmems_annual.csv,65,True,True,True,MSL:no_level_shift_detected | ANNMAX:no_level_shift_detected
vlieland_haven-vlielhvn-nld-rws_hist_annual.csv,47,True,True,True,MSL:no_level_shift_detected | ANNMAX:no_level_shift_detected
wajima-gs03-jpn-jodc_giaj_annual.csv,86,True,True,True,"MSL:gappy_years,no_level_shift_detected | ANNMAX:gappy_years,no_level_shift_detected"
wakkanai-360-jpn-uhslc_fd_annual.csv,57,True,True,True,"MSL:gappy_years,no_level_shift_detected | ANNMAX:gappy_years,no_level_shift_detected"
wakkanai-360a-jpn-uhslc_rq_annual.csv,66,True,True,True,"MSL:gappy_years,no_level_shift_detected | ANNMAX:gappy_years,no_level_shift_detected"
wakkanai-ma01-jpn-jodc_jma_annual.csv,56,True,True,True,MSL:no_level_shift_detected | ANNMAX:no_level_shift_detected
west_terschelling-westtslg-nld-rws_hist_annual.csv,47,True,True,True,MSL:no_level_shift_detected | ANNMAX:no_level_shift_detected
wick-wic-gbr-bodc_annual.csv,46,True,True,True,"MSL:gappy_years,no_level_shift_detected | ANNMAX:gappy_years,no_level_shift_detected"
willets_point-8516990-usa-noaa_annual.csv,60,True,True,True,"MSL:gappy_years,no_level_shift_detected | ANNMAX:gappy_years,no_level_shift_detected"
woods_hole_ma-742a-usa-uhslc_rq_annual.csv,53,True,True,True,"MSL:gappy_years,no_level_shift_detected | ANNMAX:gappy_years,no_level_shift_detected"
yokosuka-hd08-jpn-jodc_jcg_annual.csv,62,True,True,True,"MSL:gappy_years,no_level_shift_detected | ANNMAX:gappy_years,no_level_shift_detected"
ystad-2093-swe-smhi_annual.csv,99,True,True,True,MSL:no_level_shift_detected | ANNMAX:no_level_shift_detected
ystad-yst-swe-cmems_annual.csv,99,True,True,True,MSL:no_level_shift_detected | ANNMAX:no_level_shift_detected
